ID	String
0	"登入失败
[color=FFd8ea62]未知错误！可能是用户名或密码错误！"
1	"登入失败
[color=FFd8ea62]客户端和服务器版本不匹配！"
2	登入失败 : [color=FFd8ea62]用户名和密码不匹配！
3	登入失败 : [color=FFd8ea62]用户名和密码不匹配！
4	特别提示 : [color=FFd8ea62]该账号已在游戏服务器中，请重新登入!
5	登入失败 : [color=FFd8ea62]用户名和密码不匹配！
6	登入失败 : [color=FFd8ea62]未知错误！
7	创建失败 : [color=FFd8ea62]角色重名！
8	系统消息
9	删除失败！
10	[color=FFFFD940]%s 请求与您交易，是否接受？
11	确定交易？
12	对方退出交易
13	对方或自己已经在交易中
14	对方不同意交易
15	对方取消交易！
16	包裹已满！
17	交易失败！
18	交易超时！
19	要放上物品数量
20	您的金钱不足，不能进行此项操作！
21	请输入正确的数量！
22	没有足够的空间摆放物品！
23	请输入买物品的数量
24	请输入取物品的数量
25	确定要删除所选中的角色？
26	请输入卖出物品的数量
27	输入框
28	请输入丢弃物品的数量
29	交易
30	加为好友
31	组队
32	跟随
33	物品使用失败！
34	失败
35	装备或卸载失败！
36	价格
37	退出游戏
38	请输入姓名！
39	角色数量已满！
40	是否确定购买该物品？
41	您的等级提升了！
42	是否确定丢弃此物品？
43	当前您无法购买此物品！
44	商店现在没有这么多物品！
45	您的技能等级提升了！
46	普通
47	基本
48	精致
49	稀有
50	神器
51	未知1
52	未知2
53	未知3
54	未知4
55	未知5
56	未知6
57	单手剑
58	双手剑
59	弓
60	弩
61	杖
62	匕首
63	盾牌
64	拳刃
65	单手斧
66	双手斧
67	耐久点数
68	需要级别
69	男
70	女
71	性别需求
72	力量需求
73	敏捷需求
74	体质需求
75	法力需求
76	感知需求
77	运气需求
78	未知
79	未知
80	刺客
81	武士
82	猎人
83	方士
84	巫师
85	未知
86	职业需求
87	物理攻击
88	法术攻击
89	是
90	否
91	增加HP
92	增加MP
93	增加经验
94	附加作用 : 未知
95	攻击速度
96	火元素攻击
97	冰元素攻击
98	雷元素攻击
99	毒元素攻击
100	物理攻击
101	法术攻击
102	额外伤害
103	魔法攻击
104	冰元素攻击
105	火元素攻击
106	雷元素攻击
107	毒元素攻击
108	命中
109	暴击几率
110	暴击伤害
111	幸运
112	吟唱速度
113	攻击速度
114	火元素攻击
115	冰元素攻击
116	雷元素攻击
117	毒元素攻击
118	物理防御
119	火元素抗性
120	冰元素抗性
121	雷元素抗性
122	毒元素抗性
123	生命上限
124	生命上限
125	精力上限
126	精力上限
127	生命回复
128	精力回复
129	物理反弹
130	回避
131	幸运
132	合成几率
133	移动速度
134	吟唱时间
135	状态命中几率
136	消耗HP
137	消耗MP
138	伤害有效距离
139	是否维持技能
140	是否需要武器
141	冷却时间
142	可清除状态
143	僵持时间
144	无视回避
145	攻击速度
146	影响间隔时间
147	受到攻击解除该状态
148	攻击解除该状态
149	力量更改
150	体质更改
151	敏捷更改
152	法力更改
153	感知更改
154	运气更改
155	经验值改变
156	物理攻击改变 百分比
157	法术攻击改变 百分比
158	冰元素攻击改变 百分比
159	火元素攻击改变 百分比
160	雷元素攻击改变 百分比
161	毒元素攻击改变 百分比
162	物理攻击
163	法术攻击
164	冰元素攻击
165	火元素攻击
166	雷元素攻击
167	毒元素攻击
168	物理防御
169	物理防御
170	魔法防御
171	冰元素抗性
172	火元素抗性
173	雷元素抗性
174	毒元素抗性
175	武器属性改变
176	武器专有属性
177	改变最终伤害 百分比
178	改变最终伤害
179	魔法抵消伤害
180	魔法抵消伤害 百分比
181	生命最大值
182	生命最大值 百分比
183	精力最大值
184	精力最大值 百分比
185	生命恢复
186	精力恢复
187	更改生命
188	更改精力
189	更改攻击距离
190	更改命中能力
191	更改暴击几率
192	更改暴击倍数
193	伤害反弹
194	伤害免疫 物理
195	伤害免疫 魔法
196	伤害免疫 冰冻
197	伤害免疫 火焰
198	伤害免疫 雷电
199	伤害免疫 巫毒
200	状态免疫
201	状态抵抗 百分比
202	无视回避
203	吸血比例
204	吸血值
205	吸魔比例
206	吸魔值
207	移动速度
208	攻击速度
209	移动攻击
210	吟唱速度
211	是否能移动
212	是否能物理攻击
213	是否能使用魔法
214	是否能使用道具
215	随即乱跑
216	冰冻伤害
217	火焰伤害
218	雷电伤害
219	巫毒伤害
220	物理攻击力增加
221	物理攻击力增加 百分比
222	冰冻伤害 百分比
223	火焰伤害 百分比
224	雷电伤害 百分比
225	巫毒伤害 百分比
226	下一级
227	需要
228	体积
229	密度
230	硬度
231	韧性
232	重量
233	您得到了 %d 金 %d 铜
234	经验值
235	技能经验值
236	您失去了 %d 金 %d 铜
237	铜
238	目标超出距离
239	连接断开
240	没有正对攻击目标
241	您已经在一个队伍中
242	目标已经在队伍中了
243	找不到您要加的人
244	队伍已经满了
245	组队失败！
246	成功加入队伍！
247	要加入您的队伍，您同意吗？
248	 邀请您加入队伍，您同意吗？
249	请选择
250	开始战斗
251	结束战斗
252	【系统公告】
253	【私聊】
254	【交易】
255	【队伍】
256	【公会】
257	【呐喊】
258	【天下】
259	【普通】
260	对方取消交易
261	交易失败，未知错误！
262	交易成功！
263	交易失败！
264	请求加入行会
265	请求加入行会
266	邀请您加入行会
267	行会邀请
268	MP不足
269	发送交易申请失败！
270	您向
271	发送交易申请…
272	发送组队申请失败！
273	发送组队申请…
274	请求查看个人商店失败！
275	发送查看个人商店…
276	请求加入房间失败！
277	发送加入房间请求…
278	您的输入不合理！
279	请输入存钱的数量
280	您银行储备不足
281	请输入您想取钱的数量
282	您身上的金钱不足，无法升级银行！
283	询问
284	您升级银行需要
285	铜币，确定升级银行？
286	秒
287	重复输入被禁言，还剩
288	您输入的名字不合法！
289	正在登入…
290	连接失败
291	失败
292	【请选择服务器】
293	提示
294	请输入用户名或密码
295	商店中的物品在您购买时已有改变
296	价格
297	请输入该物品卖出的价格
298	改变该物品价格
299	您的个人商店中没有任何物品，不能开店
300	请为您的个人商店取个名字！
301	出售单价
302	确定要删除所选中的角色？
303	请放入合成原料
304	请取出合成目标栏物品
305	请输入数量
306	合成成功
307	合成失败
308	原料不符合
309	宝石等级已经是最高级
310	与
311	交易中…
312	请输入移动的数量
313	是否镶入宝石？
314	请输入要购买的物品数量
315	使用物品
316	下一等级
317	您是否要放弃此任务？
318	是否进行此操作？
319	需要任务物品
320	完成
321	力量
322	体质
323	敏捷
324	感知
325	法力
326	运气
327	HP不足
328	MP不足
329	运动中不能吟唱
330	跳跃中不能进行冲锋
331	没装备使用技能需要的武器
332	被动技能不可以被使用
333	您必需先学得相应的采矿技能
334	您必需先学得相应的采药技能
335	您必需先学得相应的伐木技能
336	您必需先学得相应的开箱技能
337	请输入存入物品的数量
338	您学会了技能
339	数量超出！
340	没有携带相应的道具来使用技能
341	不能使用被动技能
342	不能在当前状态下使用技能
343	技能正在冷却中…
344	您的背包栏已满
345	攻击速度加成
346	提取此物品需支付
347	铜币，是否继续？
348	目标超出范围
349	敌人
350	请选择操作方式
351	请输入物品的加锁密码
352	请再次输入密码
353	两次的输入不一致！
354	您与服务器的连接已断开！
355	正在与服务器建立连接…
356	已与服务器建立连接，正准备验证…
357	正在获取负载较低Gate…
358	获取Gate信息成功，正准备连接…
359	发送验证消息…
360	请稍候，正在等待服务器返回信息…
361	是否强化？
362	您输入的物品加密密码错误！
363	是否出售该物品？
364	请输入出售物品的数量
365	[color=FFd8ea62]注意 : 商店将以低价收购
366	您的金钱不足，不能进行此项操作！
367	物品的加锁密码不能为空！
368	该物品已经加锁
369	您左手已有物品，不能再装备双手武器
370	您已经装备了两把单手剑，不能再装备双手武器
371	您已经装备了双手武器，不能再装备盾牌
372	您是否申请密码清除功能？
373	申请成功，15日后系统将自动清除物品的加密密码
374	您已经申请过密码清除功能
375	您的金钱不足，不能进行此项操作！
376	单价 : %ld 金 %ld 铜
377	全部职业
378	点
379	强化几率
380	不能添加自己为好友！
381	已经添加了此好友
382	该玩家不存在或不在线
383	好友已经离线
384	
385	
386	恭喜，该角色名可以正常使用！
387	此角色名无法创建！
388	分配模式已更改，组队失败！
389	对方已经在队伍中…
390	该玩家正在被邀请中…
391	只有队长才可以邀请别人加入队伍
392	加入队伍成功！
393	队伍解散
394	您离开了队伍！
395	对方拒绝邀请...
396	%s 被提升为队长！
397	提升 %s 为队长失败！
398	
399	
400	本服务器禁止PK
401	提示 : 您还有
402	天，即可清除物品保护密码
403	不能把该物品放入仓库！
404	银行交易成功！
405	所存的钱超过钱柜上限！
406	玩家没有这么多钱
407	钱柜里没这么多钱
408	钱柜已经是最高级！
409	未知错误
410	此物品不能被加锁！
411	力量增加
412	敏捷增加
413	体质增加
414	感知增加
415	法力增加
416	幸运增加
417	物品最大存储数目为 : 
418	此物品不能被丢弃！
419	与目标之间有阻挡
420	此物品不能被移动！
421	您已经死亡，复活倒计时还剩下
422	您的密码修改成功！
423	请先设置物品的加密密码！
424	[color=9bffffff][当前版本 : %d]
425	您当前等级还无法使用此物品
426	
427	
428	
429	
"430"""""	
"431"""""
"432"""""
"433"""""
"434"""""
"435"""""
"436"""""
"437"""""
"438"""""
"439"""""
"440"""""
"441"""""
"442"""""
"443"""""
"444"""""
"445"""""
446
447	
448	
449	
450	原材料
451	消耗品
452	宝石
453	任务物品
454	
455	
456	
457	
458	
459	
460	生命
461	精力
462	秒
463
464
465
466
467
468
469
470
471
472
473
474
475
476
477
478
479
480
481
482
483
484
485
486
487
488
489
490
491
492
493
494
495	
496	
497	
498	
499	
500	头发
501	头盔
502	脸
503	衣服
504	手套
505	鞋子
506	右手物品
507	左手物品
508	头饰
509	盾牌
510	肩甲
511	裤子
512	饰物
513	戒指
514	手镯
515	项链
516	腰带
517	法器
518	
519	
520	暂时不能使用
521	[color=ffafb4bd]装备强化失败！
522	[color=ffffe400]成功强化了该装备！
523	[color=ffafb4bd]所用空离等级过低
524	[color=ffafb4bd]装备和空离不匹配
525	[color=ffafb4bd]装备已强化为最高级
526	旧密码不能为空！
527	新密码不能为空！
528	锁
529	未学习
530	状态持续时间 : %0.1f (%0.1f)秒
531	状态持续时间 : %0.1f 秒
532	每隔 %0.1f (%0.1f) 秒造成敌人生命伤害 : %d (%d)点
533	每隔 %0.1f 秒造成敌人生命伤害 : %d 点
534	每隔 %0.1f (%0.1f) 秒造成敌人精力流失 : %d (%d)点
535	每隔 %0.1f 秒造成敌人精力流失 : %d 点
536	每隔 %0.1f (%0.1f) 秒回复生命 : %d (%d)点
537	每隔 %0.1f 秒回复生命 : %d 点
538	每隔 %0.1f (%0.1f) 秒回复精力 : %d (%d)点
539	每隔 %0.1f 秒回复精力 : %d 点
540	加快回复生命 : %d (%d)点
541	加快回复生命 : %d 点
542	最大吸收
543	吸收每点伤害损耗精力 : %d (%d)点
544	吸收每点伤害损耗精力 : %d 点
545	全伤害
546	加快回复生命速度 : %d %% (%d %%)
547	加快回复生命速度 : %d %%
548	加快回复精力 : %d (%d)点
549	加快回复精力 : %d 点
550	加快回复精力速度 : %d %% (%d %%)
551	加快回复精力速度 : %d %%
552	生命恢复(基础值) : %d (%d)点
553	生命恢复(基础值) : %d %
554	造成伤害 : %d (%d)点
555	造成伤害 : %d %
556	反弹伤害 : %d%% (%d%%)
557	反弹伤害 : %d%%
558	左手物理攻击 : +%d (+%d)
559	左手物理攻击 : +%d
560	左手物理攻击 : %d (%d)
561	左手物理攻击 : %d
562	左手物理攻击 : +%d %% (+%d) %%
563	左手物理攻击 : +%d %%
564	左手物理攻击 : %d %% (%d) %%
565	左手物理攻击 : %d %%
566	暴击率
567	暴击威力
568	吸收生命 : %d (%d)点
569	吸收生命 : %d 点
570	吸收精力 : %d (%d)点
571	吸收精力 : %d 点
572	增加背击伤害 : %d%% (%d%%)
573	增加背击伤害 : %d%%
574	物理攻击增加 : %d (%d)
575	物理攻击增加 : %d
576	物理攻击增加百分比 : %d%% (%d%%)
577	物理攻击增加百分比 : %d%%
578	吟唱时间 : %0.1f (%0.1f)秒
579	吟唱时间 : %0.1f 秒
580	消耗精力 : %d (%d)
581	消耗精力 : %d
582	消耗精力 : %d %% (%d %%)
583	消耗精力 : %d %%
584	消耗生命 : %d (%d)
585	消耗生命 : %d
586	消耗生命 : %d %% (%d %%)
587	消耗生命 : %d %%
588	技能冷却时间 : %0.1f (%0.1f)秒
589	技能冷却时间 : %0.1f 秒
590	最大施法距离 : %d (%d)步
591	最大施法距离 : %d 步
592	最小施法距离 : %d (%d)步
593	最小施法距离 : %d 步
594	基础生命值 : %d (%d)点
595	基础生命值 : %d 点
596	基础物理攻击力 : %d (%d)点
597	基础物理攻击力 : %d 点
598	基础物理防御力 : %d (%d)点
599	基础物理防御力 : %d 点
600	您目前还未加入任何公会！
601	您目前还未加入任何队伍！
602	您目前还未加入任何家族！
603	
604	
605	
606	
607	
608	
609	
610	武器需求不符合
611	左手装备不符合
612	被动技能不可以被使用
613	目标不正确
614	%s 关闭了商店！
615	开店中不可移动
616	<%s>任务完成
617	装备失败
618	失败
619	没什么事
620	不能删除此物品！
621	[color=FFFFD940]%s 邀请您加入 [color=FFd8ea62]%s 公会！
622	[color=FFFFD940]%s 邀请您加入队伍，是否同意？\n队伍分配模式为 : [color=FFFFD940]自由拾取
623	[color=FFFFD940]%s 邀请您加入队伍，是否同意？\n队伍分配模式为 : [color=FFFFD940]按需分配
624	[color=FFFFD940]%s 邀请您加入队伍，是否同意？\n队伍分配模式为 : [color=FFFFD940]随机归属
625	[color=FFFFD940]%s 邀请您加入队伍，是否同意？\n队伍分配模式为 : [color=FFFFD940]队长分配
626	模式更改为 : [color=FFFFD940]自由拾取
627	模式更改为 : [color=FFFFD940]按需分配
628	模式更改为 : [color=FFFFD940]随机归属
629	模式更改为 : [color=FFFFD940]队长分配
630	交易失败！
631	[color=FFFFD940]%s 邀请您切磋武艺\n是否愿意接受挑战？
632	切磋邀请
633	切磋开始
634	您战胜了 %s
635	您败给了 %s
636	打断
637	
638	
639	
640	模式已更改为 : 自由拾取
641	模式已更改为 : 按需分配
642	模式已更改为 : 随机归属
643	模式已更改为 : 队长分配
644	%s 拒绝了此次模式更改！
645	所有人都选择放弃，%s 归属于队伍
646	%s 归属于 %s
647	%s 同意了此次模式更改
648	%s 选择了争取！
649	%s 选择放弃！
650	目标距离太远，不可交易！
651	目标距离太远，不可切磋！
652	获得
653	已经升级到最高级，请更换所要修炼的技能！
654	技能等级升级到
655	未设置需要修炼的技能，技能经验无法获得！
656	<#ffd1c39d]经验值<%d/%d・%0.2f％>
657	<#ffd1c39d]技能修炼值<%d/%d・%0.2f％>
658	<#ffffc600]【该技能当前修炼中】
659	<#ffd1c39d]【请先确定想要修炼的技能】
660	目标距离过远，不能查看
661	交易被终止！
662	骑在马上不可交易，交易被终止！
663	与玩家距离过远，交易被终止！
664	创建的公会名字不合法！
665	您是否确定要删除 [color=FFFFD940]%s？
666	修理完成！
667	需要支付修理费 %d 金 %d 铜，是否确认修理？
668	―― 当前装备 ――
669	您得到了 %d %s
670	您得到了 %d %s
671	该角色处于删除状态，不能进入游戏！
672	角色数据将在 [color=FFd8ea62]7 天后清除\n在此期间内您可以随时恢复该角色！
673	公会会长不能在选人界面删除！
674	您确定要恢复这个角色吗？
675	恢复角色成功！
676	恢复角色失败！
677	当前队伍为 : [color=FFFFD940]自由拾取
678	当前队伍为 : [color=FFFFD940]按需分配
679	当前队伍为 : [color=FFFFD940]随机归属
680	当前队伍为 : [color=FFFFD940]队长分配
681	模式更改为 : [color=FFFFD940]自由拾取
682	模式更改为 : [color=FFFFD940]按需分配
683	模式更改为 : [color=FFFFD940]随机归属
684	模式更改为 : [color=FFFFD940]队长分配
685	好友数量已经超出上限
686	当前队伍已转换为团队！ 分配模式为 : 自由拾取
687	当前队伍已转换为团队！ 分配模式为 : 按需分配
688	当前队伍已转换为团队！ 分配模式为 : 随机归属
689	当前队伍已转换为团队！ 分配模式为 : 团长分配
690	当前团队为 : [color=FFFFD940]自由拾取
691	当前团队为 : [color=FFFFD940]按需分配
692	当前团队为 : [color=FFFFD940]随机归属
693	当前团队为 : [color=FFFFD940]团长分配
694	
695	
696	
697	
698	
699	
700	您没有驱逐公会成员的权限！
701	您确定要将 [color=FFFFD940]%s 驱逐出公会吗？
702	您确定要离开公会吗？
703	您是会长，不能直接离开公会！
704	您没有解散公会的权限！
705	您确定要解散这个公会吗？
706	解散公会之前请先驱逐所有公会成员！
707	您没有改变公会成员职位的权限！
708	您确定要改变 [color=FFFFD940]%s 的职位吗？
709	您没有邀请公会成员的权限！
710	公会名称含有非法字符！
711	公会名称长度超出限制！
712	公会名称不能为空
713	公会所属势力不能为空
714	请选择公会势力
715	墨者
716	会任
717	您没有改变公会成员称号的权限
718	您确定要将 [color=FFFFD940]%s 的称号定为 [color=FFd8ea62]%s 吗？
719	
720	会长
721	副会长
722	会员
723	墨卒
724	杀手
725	墨相
726	护法
727	墨士
728	使者
729	墨家
730	长老
731	<#FFD1C39d]显示当前距离换取一点公会荣誉值\n<#FFD1C39d]您还需要捐献的经验
732	<#FFD1C39d]显示您为公会捐献的荣誉值总数\n<#FFD1C39d]（每帮助公会提高一点荣誉值，您的贡献度将增加一点）
733	<#FFD1C39d]预设一个百分比，在以后的战斗中\n<#FFD1C39d]系统将自动把所获得的经验按照\n<#FFD1C39d]所设定的比例捐献给公会
734	<#FFD1C39d]您当前所设定的经验值捐献比例
735	<#FFD1C39d]可以将您当前等级的经验点数直接捐献给公会\n<#FFD1C39d]通过拉动滑秆进行数值调节
736	<#FFD1C39d]显示您当前已划分待捐献给公会的经验值点数
737	您所在的公会获得 %d 经验值
738	您是否确定要将划分的 [color=FFd8ea62]%d 经验捐献给公会？
739	<#ffd1c39d]公会升级荣誉值<%d/%d・%0.2f％>
740	%s 被任命为 %s
741	%s 的 %s 职务被解除
742	
743	
744	
745	
746	
747	
748	
749	
750	额外物理伤害
751	额外魔法伤害
752	额外冰冻伤害
753	额外火焰伤害
754	额外雷电伤害
755	额外毒焰伤害
756	是否确认合成该物品？
757	是否接受原地复活？
758	您可以在原地等待同伴救援，或者选择不同的复活方式
759	您的金钱不够
760	神鬼传奇Online<%s>[Version : %d]
761	<#ffd1c39d]当前怒气值<%d/%d>
762	兑换成功 : 您失去 [color=FFFFD940]%d 金元宝，成功兑换 [color=FFFFD940]%d 银票
763	您获得了 %d 银票
764	您失去了 %d 银票
765	您获得了 %d 金元宝
766	您失去了 %d 金元宝
767	是否要将金元宝兑换成银票？（一次兑换一个元宝）\n[color=FFFFD940]注意 : 1 个金元宝可兑换 500 银票
768	金元宝 : %d 银票 : %d
769	价格 : %d 折扣 : %f
770	VIP价格 : %d 折扣 : %f
771	每秒伤害
772	请输入小队编号
773	此快捷键已经被占用！
774	套装说明 : 
775	作用对象 : 
776	无目标
777	自己
778	自己\队友
779	普通玩家
780	敌人
781	死亡目标
782	药草
783	矿物
784	target_wood  //目标木头
785	target_treasure  //目标宝箱
786	target_All
787	target_UnKonw
788	target_UnKonw
789	target_UnKonw
790	target_UnKonw
791	target_UnKonw
792	target_UnKonw
793	target_UnKonw
794	target_UnKonw
795	target_UnKonw
796	该物品使用后将与您绑定[color=FFFFD940]（不可用于玩家交易）\n是否继续？
797	该物品已经与您绑定，不能进行此操作！
798	消耗怒气 : %d 
799	消耗怒气 : %d(%d)
800	%s 被提升为 %d 小队队长
801	%s 解职成为小队队员
802	此操作只能对单个玩家
803	此操作只能对单个玩家
804	%s 从您的个人商店购买了 %s
805	%s 从您的个人商店购买了 %d %s
806	[color=FFFFD940]%s 邀请您加入 [color=FFFFD940]%s 公会
807	是否查看 [color=FFFFD940]%s 的个人商店？
808	连接的服务器IP : %s 端口 : %d
809	未指定归属
810	 - 已绑定 - 
811	%s 将您加入黑名单
812	%s 加您为好友
813	招架几率增加
814	招架伤害减免
815	<#ffd0c29c=等级 : %d <#ffd0c29c=职业 : %s <#ffd0c29c=性别 : %s\n<#ffd0c29c=当前所在区域 : %s\n<#ffd0c29c=当前PK状态 : %s
816	%2.2f％
817	%-16%s-8d%-8s
818	%-16%s-8%s-8s
819	未选中任何好友，不能进行此操作！
820	请先选中一名好友进行此操作！
821	请先选中一名好友进行此操作！
822	请先选中一名好友进行此操作！
823	您的输入不合法，请重新输入！
824	您添加了 %s 为好友
825	%s 上线了
826	神鬼传奇
827	元
828	年
829	月
830	日
831	时
832	角色数量已满
833	[color=ffa7b59e=正在获取人物信息，请稍候……
834	全体
835	公会
836	队伍
837	私聊
838	GM
839	人物「C」
840	包裹「B」
841	任务「T」
842	技能「N」
843	公会「G」
844	好友「F」
845	键盘/鼠标
846	垂直视角锁定
847	商城「V」
848	系统「Esc」
849	[color=ff00ccff]%s\n[color=ff00ccff]等级 %d
850	[color=ff00f800]%s\n[color=ff00f800]等级 %d
851	[color=ff898989]%s\n[color=ff898989]等级 %d
852	[color=ffffb4bd]%s\n[color=ffffb4bd]等级 %d
853	[color=FFff808f]%s\n[color=FFff808f]等级 %d
854	[color=ffff3a51]%s\n[color=ffff3a51]等级 %d
855	[color=ffff001e]%s\n[color=ffff001e]等级 %d
856	[color=ffff0000]%s\n[color=ffff0000]等级 %d
857	[color=fff1c100]%s\n[color=fff1c100]等级 %d
858	[color=ffa2ff00]%s\n[color=ffa2ff00]等级 %d
859	[color=ffff3c00]%s\n[color=ffff3c00]等级 %d
860	[color=ffd7ecff]%s\n[color=ffd7ecff]等级 %d
861	当前PK模式 : 和平模式
862	当前PK模式 : 公会保护模式
863	当前PK模式 : 杀戮模式
864	 - 倒计时 : %d 分 %d 秒 - 
865	和平模式
866	公会保护模式
867	杀戮模式
868	您使用了[color=FFd8ea62]扬声器
869	您使用了[color=FFd8ea62]麦克风
870	您使用了[color=FFd8ea62]小喇叭
871	您使用[color=FFd8ea62]小道消息1
872	您使用[color=FFd8ea62]小道消息2
873	您使用[color=FFd8ea62]小道消息3
874	您使用[color=FFd8ea62]流言手扎
875	您使用[color=FFd8ea62]小道消息5
876	您使用[color=FFd8ea62]小道消息6
877	您使用[color=FFd8ea62]小道消息7
878	您使用[color=FFd8ea62]小道消息8
879	您使用[color=FFd8ea62]小道消息9
880	您使用[color=FFd8ea62]小道消息10
881	%s 加入队伍
882	[color=FFFFD940]%s 邀请您加入团队，是否同意？\n团队分配模式为 : [color=FFFFD940]自由拾取
883	[color=FFFFD940]%s 邀请您加入团队，是否同意？\n团队分配模式为 : [color=FFFFD940]按需分配
884	[color=FFFFD940]%s 邀请您加入团队，是否同意？\n团队分配模式为 : [color=FFFFD940]随机归属
885	[color=FFFFD940]%s 邀请您加入团队，是否同意？\n团队分配模式为 : [color=FFFFD940]团长分配
886	当前PK模式 : 团队保护模式
887	团队保护模式
888	
889	
890	
891	
892	
893	
894	
895	
896	
897	
898	
899	
900	是否要将当前的队伍转换为团队？\n[color=FFFFD940]您将担任团长，最多可邀请20名玩家加入您的团队
901	不能进行此操作！
902	不能进行此操作！
903	提升为团长出错！
904	进行此操作请先同时选中两名玩家（按住Ctrl可多选）
905	您的权限不够，不能进行此操作！
906	对方将您加入黑名单
907	对方拒绝和您切磋
908	每颗星增加的伤害 %d %%
909	增加招架值 %d
910	增加招架几率 %d %%
911	每隔 %d (%d) 秒造成敌人持续冰伤害 : %d (%d)点
912	每隔 %d 秒造成敌人持续冰伤害 : %d 点
913	每隔 %d (%d) 秒造成敌人持续火伤害 : %d (%d)点
914	每隔 %d 秒造成敌人持续火伤害 : %d 点
915	每隔 %d (%d) 秒造成敌人持续雷伤害 : %d (%d)点
916	每隔 %d 秒造成敌人持续雷伤害 : %d 点
917	每隔 %d (%d) 秒造成敌人持续毒伤害 : %d (%d)点
918	每隔 %d 秒造成敌人持续毒伤害 : %d 点
919	%s 和您结为新婚夫妇
920	%s 和您结拜为兄弟
921	%s 收您为徒弟
922	%s 拜您为师父
923	
924	增加招架值 %d(%d)
925	增加招架几率 %d %%(%d %%)
926	每颗星增加的伤害 %d %%(%d %%)
927	
928	
929	
930	<#ffd1c39d]人物等级 30 之前不能切换PK模式
931	<#ffd1c39d]当前PK模式 : 和平模式
932	<#ffd1c39d]当前PK模式 : 公会保护模式
933	<#ffd1c39d]当前PK模式 : 杀戮模式
934	<#ffd1c39d]当前PK模式 : 团队保护模式
935	您已经成功解除物品绑定！
936	您所指定的物品没有被绑定！
937	
938	需要 [color=FF6be611]%s [color=ffFFD940]%d 个\n需要 [color=FF6be611]%s [color=ffFFD940]%d 个\n消耗 [color=ffFFD940]%d 铜\n
939	需要 [color=FF6be611]%s [color=ffFFD940]%d 个\n需要 [color=FF6be611]%s [color=ffFFD940]%d 个\n
940	需要 [color=FF6be611]%s [color=ffFFD940]%d 个\n需要 [color=FF6be611]%s [color=ffFFD940]%d 个\n需要 [color=FF6be611]%s [color=ffFFD940]%d 个\n消耗 [color=ffFFD940]%d 铜\n
941	需要 [color=FF6be611]%s [color=ffFFD940]%d 个\n需要 [color=FF6be611]%s [color=ffFFD940]%d 个\n需要 [color=FF6be611]%s [color=ffFFD940]%d 个\n
942	
943	
944	
945	您需支付 [color=FFFFD940]%d 银票 及修理费 [color=FFFFD940]%d 金 %d 铜\n是否使用此功能？
946	
947	
948	
949	[color=FFd8ea62]“原地复活”可以让您在死亡的地点直接复活\n使用此功能您需要支付 [color=FFFFD940]%d 银票，是否继续？
950	[color=FFd8ea62]“完美复活”可以让您原地复活并且回复满HP和MP\n使用此功能您需要支付 [color=FFFFD940]%d 银票，是否继续？
951	
952	人物死亡后状态保留
953	经验值增加 : %0.2f 倍
954	技能经验值增加 : %0.2f 倍
955	
956	
957	
"958"""""	
"959"""""
"960"""""
"961"""""
"962"""""
"963"""""
"964"""""
"965"""""
"966"""""
"967"""""
"968"""""
"969"""""
"970"""""
"971"""""
"972"""""
"973"""""
"974"""""
"975"""""
"976"""""
"977"""""
"978"""""
"979"""""
"980"""""
"981"""""
"982"""""
"983"""""
"984"""""
"985"""""
"986"""""
"987"""""
"988"""""
"989"""""
990
991	
992	
993	
994	
995	
996	
997	
998	
999	
1000	您领取了 %d 个 %s 
1001	您当前无任何物品可以领取
1002	提交物品失败，请确认背包内是否存在 %d 个 %s 
1003	提交物品 %d 个 %s 成功
1004	是否离开游戏？
1005	%d
1006	%d 金
1007	%d 金
1008	%d 银票
1009	%d 银票
1010	当前服务器 : %s
1011	服务器 : [color=FFd8ea62]%s
1012	%s 在游戏中使用外挂
1013	%s 被卡在了 %s
1014	%s 在 %s 省 %s 市购买不到点卡
1015	您编辑的消息已经成功发往客服中心！
1016	小于呐喊频道聊天冷却时间，还剩 %d 秒
1017	小于天下频道聊天冷却时间，还剩 %d 秒
1018	您还没有使用附加包裹的权限
1019	是否删除此物品？
1020	此物品不能被交易！
1021	对不起，此物品不能卖给商店！
1022	对不起，本小店只回收恢复药品！
1023	对不起，本小店只回收武器！
1024	对不起，本小店只回收防具！
1025	对不起，本小店只回收原料！
1026	对不起，本小店只回收宝石！
1027	对不起，本小店只回收合成配方！
1028	对不起，本小店不回收此类物品！
1029	是否取消当前骑乘？
1030	您获得任务 %s
1031	DATA\Sound\UI\NewTask.wav
1032	【极佳】
1033	【极佳】
1034	【良好】
1035	【良好】
1036	【良好】
1037	【良好】
1038	【繁忙】
1039	【繁忙】
1040	【繁忙】
1041	【爆满】
1042	无法连接服务器\n可能是因为您选择的服务器没有开启！
1043	当前服务器繁忙\n您可以选择进入其他空闲的服务器
1044	【流言手扎】
1045	【小道消息2】
1046	【小道消息3】
1047	【小道消息4】
1048	【小道消息5】
1049	【小道消息6】
1050	【小道消息7】
1051	【小道消息8】
1052	【小道消息9】
1053	【小道消息10】
1054	
1055	
1056	
1057	
1058	
1059	
1060	过期时间 : %d/%d/%d %d : %d
1061	・位于[包裹]中的物品 %s 已过期 ・过期时间为 : %d/%d/%d %d : %d
1062	・位于您[仓库]中的物品 %s 已过期 ・过期时间为 : %d/%d/%d %d : %d
1063	・位于您[个人商店]中的物品 %s 已过期 ・过期时间为 : %d/%d/%d %d : %d
1064	・位于您[合成背包]中的物品 %s 已过期 ・过期时间为 : %d/%d/%d %d : %d
1065	・位于您[强化背包]中的物品 %s 已过期 ・过期时间为 : %d/%d/%d %d : %d
1066	・位于您[装备分解背包]中的物品 %s 已过期 ・过期时间为 : %d/%d/%d %d : %d
1067	・位于您[解绑背包]中的物品 %s 已过期 ・过期时间为 : %d/%d/%d %d : %d
1068	・您正在装备中的物品 %s 已过期 ・过期时间为 : %d/%d/%d %d : %d
1069	您在官网商城内购买的商品可以通过此按钮获得\n[color=FFFFD940]是否现在就领取新的商品？
1070	
1071	夜晚有效
1072	施法速度增加 : %d%%
1073	施法速度增加 : %d%% (%d%%)
1074	充值成功 : %s %d/%d/%d %d : %d
1075	充值错误 : 您的银票不足
1076	充值错误 : %s 还没有过期，不能进行充值
1077	过期商品不能进行买卖
1078	过期物品不能进行强化
1079	过期物品不能用于合成
1080	以下活动正在进行中 : \n[color=ff90ff00]
1081	
1082	
1083	[color=FFd8ea62]%d 个物品已锁定，您还可以锁定 [color=FFd8ea62]%d 个物品！
1084	物品锁定限制已满，不能再锁定任何物品
1085	是否进行装备强化？
1086	活动提醒 : \n[color=ff90ff00]%s 活动开始
1087	您的包裹内没有金元宝\n无法进行银票兑换
1088	您在官网商城内购买的商品可以通过此按钮获得\n[color=FFFFD940]当前您没有任何商品可以领取！
1089	
1090	已强化到最高等级，无法继续强化！
1091	
1092	强化等级已锁定
1093	强化等级锁定已失效
1094	您已成功锁定该装备的强化等级！\n[color=FFFFD940]（可以免除一次装备强化失败降级的惩罚）
1095	锁定装备强化等级失败！
1096	[color=ffffea00]远程修理\n[color=ffc5da9f=使用此服务允许您在任何地方都可以随时修理全身的装备。当您装备耐久过低同时离修理商店又太远的时候，此项服务是您的首选。
1097	购买成功，感谢您的消费！
1098	对不起，该商品目前库存不足\n请稍后购买
1099	对不起，您的银票不足\n无法购买此商品！
1100	[color=ff8dc725=价格 : %d 银票（银票价格随等级递增，不包含装备修理费）
1101	%d 银票
1102	对不起，您的银票或金钱不足\n不能进行此项操作！
1103	
1104	
1105	
1106	
1107	
1108	
1109	
1110	防沉迷系统提示 : 您已在线 %d 分钟，请注意休息！
1111	防沉迷系统提示 : 您目前只能获得 %d%% 的经验和 %d%% 的技能经验！
1112	防沉迷系统提示 : 累积时间已清零，之后三小时内您的收益为正常！
1113	防沉迷系统提示 : 您已在线 %d 小时 %d 分钟，请注意休息！
1114	<#FFFFD940]【级别称号】\n<#ffafb4bd]每一类称号中由低到高分为多个等级，您需要\n<#ffafb4bd]按照指示完成某些特殊任务或达成某些条件才\n<#ffafb4bd]能获得更高级别的称号。\n<#FFFFD940]点击按钮进入查看
1115	<#FFFFD940]【社交称号】\n<#ffafb4bd]当您在世界中进行结婚、结拜或建立师徒\n<#ffafb4bd]关系等社交活动以后获得的相应称号，您可以\n<#ffafb4bd]查看并选择它们。\n<#FFFFD940]点击按钮进入查看
1116	
1117	合成几率增加 : %d%%
1118	强化几率增加 : %d%%
1119	
1120	[color=ffafb4bd]请先嵌入装备
1121	[color=ffafb4bd]请嵌入相对应的空离
1122	位于您强化锁定背包中的物品已过期，系统自动删除
1123	
1124	
1125	
1126	
1127	
1128	
1129	
1130	
1131	
1132	
1133	
1134	
1135
1136
1137
1138
1139
1140
1141
1142
1143
1144
1145
1146
1147
1148
1149
1150
1151
1152
1153
1154
1155
1156
1157
1158
1159
1160
1161
1162
1163
1164
1165
1166
1167
1168
1169
1170
1171
1172
1173
1174
1175
1176
1177
1178
1179
1180
1181
1182
1183
1184
1185
1186
1187
1188
1189
1190
1191
1192
1193
1194
1195
1196
1197
1198
1199	
1200	目标不是公会成员
1201	副会长数量已达到上限
1202	不能对自己执行此操作
1203	创建公会成功
1204	占有者不能解散公会
1205	已经报名参加城战的公会不能被解散
1206	您不是会长，不能解散公会
1207	解散公会需要首先驱逐所有的公会成员
1208	正在参加城战的公会不能招收新成员
1209	对方已经加入了一个公会
1210	公会人数已经达到上限 %s 人
1211	您不是会长，不能邀请成员
1212	对方正在参加城战，暂时不能被开除
1213	您不是会长，不能开除成员
1214	参加城战时不能退会
1215	会长不能直接退出行会
1216	对方公会人数已满
1217	您加入了<%s>公会
1218	%s 加入了公会
1219	%s 被请离了公会
1220	%s 离开了公会
1221	您所在的公会已经被解散
1222	创建公会失败！公会名为空
1223	创建公会失败！公会名含有非法字符
1224	创建公会失败！公会名过长
1225	创建公会失败！公会名不能包含空格
1226	创建公会失败！请选择公会势力
1227	创建公会失败！您已经加入了别的公会
1228	创建公会失败！公会名<%s>已存在
1229	【%s】公会即日成立，特此昭告天下，诚邀天下豪杰加入
1230	您还没有加入公会
1231	需要等级 : %ld
1232	需要金钱 : %ld
1233	需要技能 : %ld级%s
1234	技能修炼值<%d/%d・%0.2f％>
1235	
1236	
1237	
1238	
1239	
1240	
1241	
1242	
1243	
1244	
1245	
1246	
1247
1248
1249
1250
1251
1252
1253
1254
1255
1256
1257
1258
1259
1260
1261
1262
1263
1264
1265
1266
1267
1268
1269
1270
1271
1272
1273
1274
1275
1276
1277
1278
1279
1280
1281
1282
1283
1284
1285
1286
1287
1288
1289
1290
1291
1292
1293
1294
1295	
1296	
1297	
1298	
1299	
1300	
1301	无效目标
1302	不能攻击公会成员
1303	不能攻击队伍成员
1304	当前团队已满
1305	您最多添加3个物品链接！
1306	您已经添加了此物品链接！
1307	您不能和自己私聊
1308	您不能频繁的进行模式更改
1309	您没有加入任何公会
1310	没有可修理的物品
1311	行为被打断
1312	战斗中不能装备
1313	战斗中不能下线
1314	不能删除此物品？
1315	库存不足，请稍后购买
1316	询问
1317	捐献经验成功！
1318	图标格式错误，请使用*.tga格式
1319	图标尺寸为非32px*32px，无法创建
1320	图标色深为非32位，无法创建
1321	创建公会标志成功！
1322	创建公会标志失败
1323	提示
1324	询问
1325	骑在马上不可交易！
1326	请先设置物品的加密密码
1327	是否删除此物品？
1328	删除物品
1329	此物品不能被交易！
1330	请先关闭个人商店！
1331	此物品不可交易
1332	骑乘状态下不可开店
1333	与玩家距离过远，无法查看商品
1334	对不起，此物品不可交易！
1335	对不起，此物品不能卖给商店！
1336	对不起，本小店只回收恢复药品!
1337	对不起，本小店只回收武器!
1338	对不起，本小店只回收防具!
1339	对不起，本小店只回收原料!
1340	对不起，本小店只回收宝石!
1341	对不起，本小店只回收合成配方!
1342	对不起，本小店不回收此类物品!
1343	请先设置物品加密密码
1344	当前副本人数已满
1345	任务<%s>
1346	当前此副本开放数量已满
1347	当前副本人数已满
1348	无法施放技能，请正确回答验证码图片上的文字
1349	无法移动，请正确回答验证码图片上的文字
1350	验证成功
1351	几秒钟后将更换验证图片重新验证
1352	开店中不可使用物品！
1353	过期物品不可使用！
1354	骑乘状态下不可开店
1355	开店状态中不可攻击
1356	本地图不可骑乘
1357	开店状态中不可骑乘
1358	隐身状态下不能骑乘
1359	战斗中不可骑乘
1360	两次骑乘间隔过短
1361	背包已满
1362	取消<%s>任务
1363	进攻城的名额已满，不能报名
1364	您还没有加入公会，不能报名
1365	您不是会长或者副会长，不能报名
1366	进攻城的名额已满，不能报名
1367	您还没有加入公会，不能报名
1368	您所在公会正在守卫主城，不能报名
1369	您不是会长或者副会长，不能报名
1370	您所在的公会已经报名成功，不能再次报名
1371	账号被重新登陆，您与服务器的连接将断开
1372	此副本将被销毁，您将被传送出去
1373	此团队副本已不属于您，您将被传送出去
1374	此多团队副本已不属于您，您将被传送出去
1375	对方金钱将会超过 %d 上限
1376	自己金钱将会超过 %d 上限
1377	过期商品不能购买
1378	当前状态不能移动
1379	积分增加 %d 点，当前积分为 : %d
1380	当前状态下不能移动
1381	您的移动过快，请休息一下
1382	您的移动过快，请休息一下
1383	您的移动过快，请休息一下！ %d 
1384	%s 拒绝加入公会 
1385	账号被重新登陆，您与服务器的连接将断开
1386	%s 对您使用了物品 %s 
1387	目标距离太远，不能交易！
1388	当前地图ID : %ld 所有Character数量 : %d 玩家数量 : %d 
1389	地图上未复活的怪数量 : %d 
1390	上次保存时间间隔 %d 
1391	伤害仇恨显示开关 : %d
1392	服务器坐标显示开关 : %d
1393	玩家使用技能物品日志开启
1394	玩家使用技能物品日志关闭
1395	玩家坐标Map : %d | X : %d | Y : %d
1396	找不到名为 %s 的玩家
1397	经验值为负
1398	已给玩家 %s 增加 %d 经验
1399	当前没有选中怪物
1400	查找怪物失败！当前怪物ID : %d
1401	当前选中的不是怪物
1402	当前怪物的AI是否开启 : %d
1403	当前怪物ID : %d，怪物当前目标ID : %d
1404	当前怪物使用技能ID : %d，技能等级 : %d
1405	当前怪物地图ID : %d，X : %d，Y : %d
1406	当前怪物目的地X : %d，Y : %d
1407	当前怪物对您的仇恨 : %d
1408	当前怪物的仇恨玩家数 : %d
1409	当前怪物目标地图ID : %d，X : %d，Y : %d
1410	没有选中目标
1411	您不属于任何公会，不能邀请别人加入
1412	您邀请的玩家不存在或者不在线
1413	当前地图轮循时间 %d ms
1414	目标距离太远，不能查看！
1415	距离太远，不能邀请切磋
1416	对方正在切磋中
1417	过期物品不能分解
1418	减少伤害仇恨 : %d 当前仇恨 : %d
1419	减少仇恨 : %d 当前仇恨 : %d
1420	%s 被提升为团长！
1421	神鬼传奇Online[Version : %d] 
1422	%s<剩余 %d 秒>
1423	您将被传送到（%s） 
1424	请选择要合成的物品！
1425	任务<%s> 
1426	%s %d 秒 
1427	%s 在切磋中战胜了 %s 
1428	未知目标 
1429	您正在离开切磋区域，%d 秒后您将输掉比赛
1430	验证剩余时间 %d 秒 
1431	验证时间已到 
1432	男 
1433	女
1434	<%s>公会积分为 %d
1435	<%s>公会成为主城新的主人
1436	在线玩家总数=%ld
1437	%s 加入队伍
1438	%s 离开队伍
1439	%s 被 %s 攻击掉血 %d
1440	公会人数已经达到上限 %d 人
1441	小于呐喊频道聊天冷却时间，还剩 %d 秒
1442	小于天下频道聊天冷却时间，还剩 %d 秒 
1443	获得金钱 : %d
1444	获得经验 : %d
1445	获得技能经验 : %d
1446	获得物品 : %s
1447	[url=1%d]%s[/url]对您说 : %s
1448	您对[url=1%d]%s[/url]说 : %s
1449	不存在或不在线 
1450	主城被攻破，城战结束！
1451	没什么事
1452	
1453	
1454	
1455	
1456	
1457	
1458	
1459	
1460	
1461	
1462	
1463	
1464	
1465	
1466	
1467	
1468	
1469	
1470	您与%s结为好友
1471	%s拒绝您的请求
1472	您已删除好友%s
1473	您已经将%s加入黑名单
1474	%s成为您的仇人
1475	好友%s上线
1476	好友%s下线
1477	特殊关系不能删除
1478	特殊关系不能加入黑名单
1479	
1480	您已经被管理员禁言
1481	您没有足够的精力进行发言
1482	发言剩余时间%d秒
1483	您没有圣号角不能呐喊发言
1484	
1485	
1486	
1487	
1488	
1489	
1490	您的召唤兽栏已经满了，别太贪心了
1491	不能对参战召唤兽使用技能书
1492	不能融合出战的召唤兽
1493	等级太低不能融合
1494	已经达到最大融合次数不能再融合
1495	忠诚度不足不能融合
1496	性别不符不能融合
1497	种族不符不能融合
1498	您的等级太低不能召唤该召唤兽出战
1499	忠诚度不足无法出战
1500	时间未到不能领取召唤兽
1501	没有寄存的召唤兽
1502	不能对参战的召唤兽进行操作
1503	融合成功，5小时后请到NPC处领取
1504	您的召唤兽等级过高，将不能再获得更多经验
1505	召唤兽代数不同不能融合
1506	变异召唤兽不能融合
1507	召唤兽等级不足，无法习得
1508	召唤兽获得经验 : %d
1509	您的召唤兽忠诚度已满
1510	请下马后再强化
1511	对方坐骑已经满员
1512	该坐骑不能再被强化
1513	您没有足够的强化材料
1514	坐骑强化失败
1515	坐骑强化成功
1516	不能使用其他职业专属坐骑
1517	玩家[url=1%d]%s[/url]经过不懈努力，终于将坐骑[color=FFFFD323]<%s>强化到%d级，变成[color=FFFFD323]<%s>
1518	对象在骑乘、摆摊或者PK过程中无法邀请多人骑乘
1519	
1520	必须组队才能申请
1521	队伍成员必须为两人
1522	您还没获得成为师父的资格，必须在45级，完成亚特兰蒂斯NPC加拉哈的任务。
1523	对方等级太高不能成为徒弟
1524	对方等级比您高
1525	对方已经有师父
1526	您们还不是好友
1527	您们已经是兄弟/夫妻，不能成为师徒
1528	您不能再收更多的徒弟了
1529	%s成为您的师父
1530	%s成为您的徒弟
1531	对方不是您的徒弟
1532	对方不是您的师父
1533	您和%s和平解除师徒关系
1534	您开除了徒弟<%s>
1535	您的师父<%s>把您开除了
1536	您叛离了师门
1537	您的徒弟<%s>叛离了师门
1538	您不是队长，请队长来找我
1539	对方拒绝当您的师父
1540	对方拒绝当您的徒弟
1541	请让您的师父带领您来出师
1542	对方等级太低不能成为徒弟
1543	您的徒弟<%s>拒绝解除师徒关系
1544	距离太远无法进行当前操作
1545	您的等级低于法器激活等级
1546	玩家[url=1%d]%s[/url]经过不懈努力，终于将法器[color=FFFFD323]<%s>提升到%d级
1547	
1548	
1549	
1550	您没有信封不能发送信件
1551	邮件发送失败
1552	不能给黑名单中的人发送邮件
1553	系统繁忙，请稍后再试
1554	玩家不存在或不在线，邮件发送失败
1555	
1556	
1557	
1558	
1559	
1560	您正处于保护时间内
1561	保护时间设置成功
1562	保护时间将于三天后生效
1563	安全保护密码错误
1564	安全保护选项设置成功
1565	临时取消成功
1566	安全保护密码修改成功
1567	安全保护密码设置成功
1568	密码将在七天后取消
1569	密码已恢复
1570	天
1571	小时
1572	分钟
1573	您的安全保护时间将在
1574	您的安全保护密码将在
1575	后被更改为
1576	后清除
1577	
1578	
1579	
1580	您没有驯服之证
1581	您的召唤兽获得%d点忠诚度
1582	您需要组队才能进行召唤兽融合仪式
1583	必需两人组队才能进行召唤兽融合仪式
1584	召唤兽品质太低不能分解\n需要优秀品质以上的召唤兽才能分解
1585	您没有低级召唤兽强化石
1586	您没有中级召唤兽强化石
1587	您没有高级召唤兽强化石
1588	您成功捕捉了%s
1589	玩家[url=1%d]%s[/url]经过不懈努力，终于将召唤兽[url=2%llu]<%s>[/url]强化到%d级
1590	您的包裹已满，请留出至少一格才能进行拜师
1591	对方包裹已满拜师流程被中断
1592	您没有师父不能使用跃进之翼
1593	等待对方确认
1594	您还没到出师等级75级，不能出师
1595	您的徒弟还没到出师等级75级，不能出师
1596	恭喜您达到出师等级，您现在可以出师了
1597	
1598	
1599	
1600	
1601	
1602	经过[url=1%d]%s[/url]的不懈努力，召唤兽[url=2%llu]<%s>[/url]得到了重生！
1603	对方没有足够金钱
1604	玩家[url=1%d]%s[/url]经过不懈努力，终于将[url=3%llu]<%s>[/url]强化到%d级
1605	玩家[url=1%d]%s[/url]经过不懈努力，成功为[url=3%llu]<%s>[/url]完美镶嵌上<%s>，所有镶嵌宝石属性增加10%%
1606	玩家[url=1%d]%s[/url]经过不懈努力，成功将<%s>镶嵌到了[url=3%llu]<%s>[/url]上
1607	消耗金钱
1608	
1609	
1610	恭喜您，您的召唤兽领悟了新技能
1611	您的召唤兽生命魔法已满
1612	您没有召唤兽活力药水
1613	没有出战的召唤兽
1614	此召唤兽已经达到最大修正次数不能再对其使用
1615	您的召唤兽已经学会该技能
1616	<%s>杀戮成性，恶贯满盈。天降神雷将其击毙。以示惩戒!
1617	二代召唤兽无法进行重生
1618	无法学习该技能，技能类型与技能格子不匹配
1619	当前技能等级高于要学习的技能等级
1620	请注意，服务器将在%s后关闭，请玩家及时下线保存！
1621	你获得召唤兽<%s>
1622	你失去召唤兽<%s>
1623	你获得坐骑<%s>
1624	你失去坐骑<%s>
1625	成功创建队伍
1626	队长不能请离自己离队，只能解散队伍
1627	要转让的目标玩家已经是队长，无需转让
1628	队伍人数已经达到上限
1629	邀请已发送，请等待对方回应
1630	你已经把对方列入黑名单或者对方已把你列入黑名单
1631	不能对参战中的召唤兽进行解封
1632	不能改变参战中的召唤兽技能栏属性
1633	增加技能格子成功
1634	增加技能格子失败
1635	
1636	没有解除封印石无法增加技能格子
1637	没有雕琢符无法雕琢
1638	技能格子已达上限无法解封
1639	您未成为徒弟，不能领取跃进之翼
1640	恭喜<%s>的徒弟<%s>达到%d级，师徒二人获得丰厚的经验和荣誉奖励。
1641	恭喜<%s>的徒弟<%s>顺利出师，师徒二人获得丰厚的经验和荣誉奖励。
1642	玩家[url=1%d]%s[/url]成功合成了[url=3%llu]<%s>[/url]
1643	恭喜您成功开启5格新的背包
1644	您获得了5格新的背包作为首次充值的奖励
1645	恭喜您到达30级，系统赠送您5格新的背包
1646	包裹已满，无法完成任务！
1647	对方已离线或加入其他队伍
1648	队友[url=1%d]%s[/url]拾取了[url=3%llu]<%s>[/url]
1649	
1650	您的鉴定咒文掌握能力不足，还不能朗诵此级别的鉴定咒文
1651	该等级的鉴定卷轴不能鉴定此物品
1652	玩家[url=1%d]%s[/url]成功鉴定出宝藏[url=3%llu]<%s>[/url]
1653	玩家[url=1%d]%s[/url]使用[url=1%d]%s[/url]制造的鉴定咒文，成功鉴定出宝藏[url=3%llu]<%s>[/url]
1654	玩家[url=1%d]%s[/url]使用你制造的鉴定咒文，成功鉴定出宝藏<%s>
1655	恭喜玩家[url=1%d]%s[/url]领取了融合召唤兽[url=2%llu]<%s>[/url]
1656	升级取消，返回科技点<%d>，返回金钱<%d>
1657	<%s>请领取融合召唤兽后再来融合
1658	您的徒弟已经出师过了！
1659	您已经出师过了，无法再次出师！
1660	您已经登记成功，如果想再次登记，请等待一小时后再登记
1661	%s 需要高手帮助
1662	%s 打算去帮助新人
1663	由于杀戮过重，奥丁释放天雷将您杀死以示惩戒！
1664	公会已经升级到%d级
1665	公会信仰<%s>已经升级到%d级
1666	您在本周已经参加过%d次答题，无法再参加答题！
1667	您在本周参加答题的次数未超过%d次，无法参加周日答题活动！
1668	同盟创建成功
1669	对方拒绝了您加入同盟的请求
1670	对方拒绝加入同盟
1671	你可以去领取融合好的召唤兽了
1672	你的召唤兽已经使用了更高级的灵魂绑定
1673	你没有寄养所需要的道具
1674	你没有扩展仓库所需要的道具
1675	请求NPC的顺序不正确
1676	
1677	
1678	
1679	
1680	公会成员【%s】被【%s】杀死了
1681	恭喜公会【%s】升到%d级
1682	由于背包中有科技升级石，可以同时升级的科技提升到[%d]类
1683	背包中的科技升级石已经过期
1684	升级队列已满
1685	请求升级失败，请求升级的技能等级达到上限
1686	请求升级失败
1687	请求升级失败，你还没有学会该大类技能
1688	请求升级的科技技能类型不存在
1689	
1690	这个物品不能被分解
1691	主人不在线，无法查看召唤兽信息
1692	没有足够的包裹空间
1693	没有找到这个物品
1694	
1695	这个物品不能被强化
1696	没有足够的金钱强化
1697	装备的强化等级不够
1698	没有足够的材料
1699	没有找到这个物品
1700	装备已经达到最大强化等级
1701	
1702	
1703	
1704	
1705	
1706	
1707	
1708	
1709	玩家[url=1%d]%s[/url]抽取了[url=3%llu]<%s>[/url]
1710	没有足够的包裹空间，无法领取
1711	没有科技之种，加速研究失败
1712	加速研究成功
1713	只有队伍队长才可以申请队伍副本
1714	只有公会会长才可以申请队伍副本
1715	副本总数已达上限
1716	副本数量已达上限
1717	副本申请失败
1718	队伍成员全部离开副本，副本将在三分钟后关闭
1719	
1720	您的等级不足20级，不能使用世界频道
1721	您必须到达55级才能使用宝藏鉴定咒文
1722	玩家【%s】在抽奖中获得了【%s】
1723	同盟解散
1724	公会邮件
1725	您的公会被请离同盟
1726	公会成员【%s】被【%s】公会的【%s】杀死了
1727	【%s】公会被【%s】公会宣战，但是【%s】公会拒绝了。
1728	恭喜你获得冰封要塞战场奖励，请自行打开邮件附件中的包裹，获得精彩丰厚的冰封要塞战场奖励。
1729	没有足够的材料或者所放入的材料不对
1730	你将在%d秒后被传出冰封战场
1731	恭喜你所在的公会获得冰霜之魂，集齐一定数量可以将神谕套项链升级为圣言套项链。
1732	感谢你参加冰封要塞公会战
1733	恭喜您的公会获得冰霜之魂
1734	
1735	
1736	
1737	
1738	
1739	
1740	你没有师父称号不能升级
1741	荣誉值未达到升级师父称号的标准
1742	荣誉值未达到升级师父称号的标准
1743	荣誉值未达到升级师父称号的标准
1744	荣誉值未达到升级师父称号的标准
1745	荣誉值未达到升级师父称号的标准
1746	你们已经是师徒关系
1747	
1748	
1749	
1750	装备阶数到达上限
1751	背包没有强化完璧符
1752	背包没有宝石镶嵌符
1753	镶嵌失败
1754	装备需要强化等级达到%d级才能祝福
1755	装备需要强化等级达到%d级才能进行灵魂激活
1756	该装备已经灵魂刻印，不能再刻印了
1757	 离开公会
1758	你被游戏管理员禁止登录
1759	"您被GM禁言%d分钟,因为%s"
1760	您被GM禁言%d分钟
1761	恭喜! GM解除您的禁言！
1762	当前线人数已达上限，请换线登录
1763	玩家[%s]退出游戏 AccountID:%d CharacterID:%d
1764	目标玩家并未死亡
1765	该场景不允许使用飞行卷轴
1766	断开连接
1767	%d秒后才能切换线路
1768	你不是队长
1769	你已经加入一个队伍
1770	队伍不存在
1771	你不是该队伍的成员
1772	队伍人数超过上限
1773	对方已经加入一个队伍
1774	不能对自己执行这个操作
1775	对方的入队申请已经失效
1776	 离开队伍
1777	公会邮件
1778	你被开除出公会
1779	你在公会里面的职务被改变！请打开公会界面查看！
1780	由于公会长时间人数少于系统规定最少人数，公会被系统强制解散！
1781	公会创建成功，邀请天下英雄加入
1782	您好，请您通过论坛、邮箱联系我们，谢谢。
1783	地图不存在
1784	
1785	
1786	
1787	
1788	
1789	
1790	
1791
1792
1793
1794
1795
1796
1797
1798
1799
1800
1801
1802
1803
1804
1805
1806
1807
1808
1809
1810
1811
1812
1813
1814
1815
1816
1817
1818
1819
1820
1821
1822
1823
1824
1825
1826
1827
1828
1829
1830
1831
1832
1833
1834
1835
1836
1837
1838
1839
1840
1841
1842
1843
1844
1845
1846
1847
1848
1849
1850
1851
1852
1853
1854
1855	
1856	
1857	
1858	
1859	
1860	
1861	
1862	
1863	
1864	
1865	
1866	
1867	
1868	婚礼予定成功
1869	您缺少场地预订单，请到NPC处购买礼包获得 
1870	上交爱情证明成功
1871	上交爱情证明失败 请检查您包里是否有爱情信物 及是否符合结婚资格
1872	离婚成功
1873	协议离婚失败 请携带您的配偶一起来离婚
1874	玩家%s与玩家%s完成结婚仪式，请大家给予祝福
1875	结婚失败
1876	您不满足预定条件 无法预定 请到NPC处查看
1877	时间已过期或被他人预定
1878	配偶不在队里
1879	配偶太远
1880	更改密码成功 五分钟内无法再更改
1881	更改密码失败 该婚礼可能在五分钟内改过密码
1882	无此仪式记录
1883	您不是队长 无法上交信物
1884	您上一次登入游戏的时间 : %d年%d月%d日%d:%d，登入IP地址 : %s
1885	您上一次登入游戏的时间 : %d年%d月%d日%d:%d
1886	
1887	
1888	
1889	
1890	该装备不能加锁。
1891	解锁成功，该装备将在72小时后正式解锁。
1892	加锁成功。
1893	物品已经加锁，不能丢弃。
1894	物品已经加锁，不能交易。
1895	物品已经加锁，不能镶嵌宝石。
1896	物品已经加锁，不能摘除宝石。
1897	答题经验 : %d
1898	
1899	
1900	这个物品不能被分解
1901	没有足够的金钱进行分解
1902	没有足够的包裹空间
1903	没有找到该物品
1904	该物品不能被升级
1905	没有足够的金钱进行强化
1906	装备的强化等级不够
1907	没有足够的材料
1908	没有找到该物品
1909	装备已经达到最大强化等级
1910	升级后的装备需要%d级才能装备，您的等级必须达到相应等级才能进行装备升级。
1911	激活 %s 成功
1912	祝福 %s 成功
1913	玩家[url=1%d]%s[/url]光晕激活[url=3%llu]<%s>[/url]成功。
1914	玩家[url=1%d]%s[/url]强化祝福[url=3%llu]<%s>[/url]成功。
1915	召唤兽已经被锁，无法摆摊
1916	召唤兽已经被锁，无法交易
1917	召唤兽已经被锁，无法丢弃
1918	召唤兽已经被锁，不能分解
1919	召唤兽已经被锁，不能重生
1920	召唤兽已经被锁，不能学习技能
1921	邀请已发出，请等待回应
1922	的队伍
1923	队伍名称过长
1924	帅哥玩家（%s）赠送给您 1 朵美丽的鲜花，您的魅力值提高%d点！
1925	美女玩家（%s）赠送给您 1 朵美丽的鲜花，您的魅力值提高%d点！
1926	帅哥玩家（%s）赠送给您一小束 6 枝装的鲜花，您的魅力值提高%d点！
1927	美女玩家（%s）赠送给您一小束 6 枝装的鲜花，您的魅力值提高%d点！
1928	帅哥玩家（%s）赠送给您一大束 66 枝装的鲜花，您的魅力值提高%d点！
1929	美女玩家（%s）赠送给您一大束 66 枝装的鲜花，您的魅力值提高%d点！
1930	（%s）将一大捧 99 朵鲜花赠送给了（%s），他们的兄弟情谊得到了微妙的升华！
1931	美女（%s）将一大捧 99 朵鲜花赠送给了美女（%s），她们姐妹情深！
1932	帅哥（%s）将一大捧 99 朵鲜花送给了美女（%s），这是爱的表白吗，这位美女好幸福哦！
1933	美女（%s）被帅哥（%s）的迷人魅力所折服，鼓足勇气将一大捧 99 朵鲜花送给了对方！
1934	无法对存在有效期的物品进行上锁。
1935	【%s】公会参与了争夺冰封要塞的竞争。
1936	争夺冰封要塞的报名资格即将开始，请各位会长准备好充足的公会资金，前往NPC处报名。
1937	争夺冰封要塞的报名资格正在进行中，请各位会长准备好充足的公会资金，前往NPC处报名。
1938	争夺冰封要塞的报名资格阶段已经结束。请到NPC处查看结果。系统将发送冰封要塞邀请函邮件给获得报名资格的公会会长。
1939	冰封要塞争夺战即将开始，请相关公会做好战斗准备。（周日20点）
1940	冰封要塞争夺战现在开始，请公会相关人员至服务器四线找NPC进入公会战地图。
1941	冰封要塞争夺战正在进行中，所有公会成员能够对参加公会战的公会进行投票。
1942	冰封要塞争夺战结束，【%s】公会夺得了胜利，荣耀地获得了进入冰封要塞的资格，让我们对他们表示祝贺！
1943	你的公会目前没有同盟
1944	争夺冰封要塞的报名资格现在正式开始，请各位会长准备好充足的公会资金，前往NPC处报名。
1945	预留
1946	您的公会今天已经发出过了宣战请求。
1947	对方同意了贵公会的宣战请求。
1948	您同意了对方公会对本公会的宣战请求。
1949	对方拒绝了贵公会的宣战请求。
1950	您拒绝了对方公会对你方的宣战请求。
1951	【%s】公会成功与【%s】公会进行宣战。
1952	公会图标上传成功！
1953	玩家[url=1%d]%s[/url]升级[url=3%llu]<%s>[/url]成功。
1954	对方拒绝多人坐骑邀请。
1955	背包中没有需求的道具，无法进行抽奖。
1956	您目前不在战场，无法使用战场频道
1957	【%s】公会的外塔被推倒了
1958	【%s】公会的内塔被推倒了
1959	【%s】公会的胜利之泉被推倒了
1960	【%s】公会的【%s】连续杀死了%d个人，神一般的杀戮，拜托谁去阻止他！
1961	死亡后需要等待%d秒，才能复活
1962	外部防御塔被摧毁了
1963	内部防御塔被摧毁了
1964	胜利之泉被摧毁了
1965	冰封要塞邀请函邮件
1966	会长可以将这5张冰封要塞邀请函交易给5个小队的队长，队长可以凭此邀请函将队员带进冰封战场进行冰封要塞战斗。
1967	联盟操作冷却中
1968	恭喜获得冰封要塞公会战冠军
1969	恭喜您所在的公会获得冰封要塞公会战的冠军，从而获得进入冰封城的资格，你的公会会长荣幸地成为了本周尊贵的冰封城城主。
1970	幸福经验值: %d
1971	【%s】公会成功与【%s】公会同盟。
1972	
1973	
1974	
1975	
1976	
1977	
1978	
1979	
1980	
1981	
1982	
1983	
1984	
1985	
1986	
1987	
1988	
1989	
1990	物品已经加锁，不能雕琢宝石
1991	没有找到相应的宝石雕琢器
1992	已经是发光宝石，不能雕琢
1993	玩家[url=1%d]%s[/url]经过不懈努力，成功将[url=3%llu]<%s>[/url]上的宝石雕琢完美，所有镶嵌宝石属性增加10%%
1994	改造成功，%s升级为%s。
1995	改造失败，%s降级为%s。
1996	%s改造成功。
1997	%s改造失败。
1998	婚礼预订总场数已达到上限，暂时无法接受新的预订
1999	十分抱歉，因为服务器的维护影响了您婚礼的举行，特此将您的预定单返还，祝您游戏愉快
2000	您今日已经预订过场地了，请明日再来预定
2001	有婚礼正在筹备，请稍候进入
2002	召唤兽融合成功
2003	强化成功
2004	强化失败
2005	上锁召唤兽不能融合
2006	"没有足够的包裹空间,物品改造失败。"
2007	多人座骑不允许使用飞行卷轴
2008	多人座骑无法使用跃进之翼传送
2009	"由于队伍中所有低等级成员离队,你已经不是高手"
2010	"由于队伍中有低等级成员加入,你已经成为高手"
2011	带新人组队杀怪，获得善恶值
2012	申请入队失败，队长拒绝你的申请
2013	你已经成为队长
2014	对方不在队伍中
2015	队长更换为:
2016	双方互为黑名单
2017	强中自有强中手，一山更有一山高！你被【%s】打败了
2018	祝贺你取得了本次切磋比赛的胜利，你成功的打败了【%s】
2019	切磋倒计时:剩余%d秒
2020	战斗双方已准备好！可以开始切磋！
2021	该场景需要人物等级到达%d级才能进入
2022	禁言解除
2023	你的发言时间还剩下：%d分钟
2024	由于你携带了神之宽恕，该次死亡的惩罚被抵消
2025	你消耗了一个神之宽恕
2026	该类科技技能不需要学习
2027	你已经学会该技能
2028	学习失败，你学习的科技技能种类超过系统限制
2029	你的科技点不足
2030	你的金钱不足
2031	当前研发等级不足
2032	当前人物等级不足
2033	成功扩充同时升级的科技技能上限达到【%d】个
2034	该科技技能已经升级完成，无法取消
2035	疲劳度到达上限
2036	新人玩家:【%s】需要高手帮助
2037	成功和【%s】 建立高手新人关系
2038	进入生命之树场景，使用在活动NPC处领取的神树之种道具可以获得经验
2039	进入朝奉之殿场景，使用在活动NPC处购买的朝奉之物道具可以获得经验
2040	离开挂机场景，不能再获得挂机经验
2041	天雷系统
2042	挂机系统
2043	死亡后需要等待%d秒，才能完美复活
2044	死亡后需要等待%d秒，才能复活
2045	死亡后需要等待%d秒，才能营地复活。
2046	一位冒险者
2047	你杀死了【%s】
2048	没有足够的元宝
2049	"你被【%s】杀死，损失金钱【%d】，损失经验【%d】, 损失物品【%s】"
2050	请求停止挂机失败
2051	精力值不足，不能开始挂机
2052	重置帮助成功
2053	配偶不在本线，无法强制离婚
2054	系统信件
2055	予定单返还
2056	%s的丈夫
2057	%s的妻子
2060	本公会【%s】杀死了【%s】公会的%s【%s】
2061	你没有额外的荣誉值可以领取
2062	你已经领取过额外的荣誉值
2063	你没有领取额外荣誉值需要的道具
2064	杀死红名获得40点善恶
2065	
2066	等级还未开放，敬请期待
2067	
2068	
2069	
2070	您报名的战场即将开始，你是否要马上进入战场？
2071	您报名的战场可以进入了，您是否要马上进入？
2072	队伍不存在
2073	请不要进行频繁的操作
2074	您身上的每日任务未在当天完成，因此任务自动失败
2075	获得神恩值：%d
2076	获得高手经验：%d
2077	今日所获神恩值已达上限
2078	添加推广人失败，不能添加同一帐号的角色为推广人!
2079	添加推广人失败，您曾经添加过推广人了!
2080	添加推广人失败，您的等级超过了 30 级!
2081	添加推广人失败，不能添加自己的下线为推广人!
2082	物品已经加锁，不能进行印记
2083	物品已经加锁，不能灌注星尘
2084	物品已经加锁，不能激活星尘之语
2085	没有找到印记魔棒
2086	没有找到对应的星尘
2087	没有找到对应的星尘之语
2088	没有找到对应的星尘充能器
2089	星尘形状错误
2090	星尘之语和装备无法匹配
2091	这件装备不能开启这种形状的印记
2092	星尘之语没有激活
2093	这件装备不是星尘装备
2094	没有足够的星尘融合
2095	没有找到星尘融合石
2096	星尘融合石等级不够
2097	该星尘不能进行融合
2098	星尘融合失败
2099	星尘融合成功
2100	装备上已经灌注了相同属性类型的星尘
2101	星尘等级不匹配
2102	星尘印记失败
2103	星尘印记成功
2104	"该星尘之语已充能完毕,不需要再充能"
2105	雕琢宝石成功
2106	雕琢宝石失败
2107	强化失败，没有找到相应的强化辅助符
2108	%s附魔成功
2109	神格值已满，您无法获得更多的神格值
2110	获得神格 : %d
2111	灌注星尘成功
2112	添加配方成功
2113	添加配方失败
2114	灵魂刻印成功
2115	刻印星尘之语成功
2116	星尘之语充能成功
2117	你距离护送的目标太远
2118	有队员离护送目标太远
2119	你当前的护送任务还未完成
2120	%s 激活
2121	%s 失效
2122	有跟随护送任务时，不允许进行传送
2123	该位置已经有相同形状的星尘印记
2124	添加推广人失败，可能是推广号错误，或者曾经添加过推广人了!
2125	添加推广人成功!
2126	推广系统
2127	您被 %s 设置为推广人
2128	删除推广人成功!
2129	你不满足升级后的装备神位要求，无法升级。
2130	这里不能进行这项操作。
2131	您需要先取消骑乘才能转换成道具
2132	您没有转换道具或背包已满
2133	只有一对男女组队才能开始答题
2134	有队伍成员用完了当天的答题次数
2135	只有队长才能点击开始答题
2136	由于队伍成员放弃了答题，本次答题结束
2137	确认要结束本次答题吗？
2138	请确认队伍成员在您的身边
2139	只有在不同主机上的角色才能组队答题
2140	玩家【%s】与【%s】在爱情连连看活动中，速配指数竟然达到了100！让我们一起祝福这天造地设的一对吧！
2141	你已经在答题了！
2142	玩家【%s】与【%s】在爱情连连看活动中，展现出了极高的默契，堪比夫妻！
2143	玩家【%s】与【%s】在爱情连连看活动中，发现彼此之间正被缘分的纽带连接在一起，他们会珍惜吗？
2144	“神鬼智力竞答”活动即将在10分钟以后开始，请大家做好参赛的准备。
2145	“神鬼智力竞答”活动即将在5分钟以后开始，请大家做好参赛的准备。
2146	“神鬼智力竞答”活动即将在2分钟以后开始，请大家做好参赛的准备。
2147	“神鬼智力竞答”活动即将在1分钟以后开始，请做好参赛的准备，祝各位取得好成绩
2148	今天的“神鬼智力竞答”活动已经结束，恭喜玩家 %s 在活动中获得了第一名！
2149	记录当前坐标失败
2150	您成功将当前坐标记录在了相位罗盘中
2151	传送失败
2152	您的相位罗盘能量点不足，暂无法使用
2153	您的等级过低，不能前往该区域
2154	...
2155	能量点已满，无需充能
2156	您的背包中没有充能道具
2200	交易委托-退单
2201	交易委托-卖出元宝
2202	交易委托-购入元宝
2203	某玩家以当前元宝交易平台最高求购价[color=ffffe760] %d 金币/100元宝[color=ffffbf36]求购[color=ffffe760] %d 元宝[color=ffffbf36]，单号为：[color=ffffe760] %d [color=ffffbf36]，请有意者前往主城元宝交易管理者-[url=01503]阿托卡夫人[/url]处进行交易
2204	某玩家以当前元宝交易平台最低出售价[color=ffffe760] %d 金币/100元宝[color=ffffbf36]出售[color=ffffe760] %d 元宝[color=ffffbf36]，单号为：[color=ffffe760] %d [color=ffffbf36]，请有意者前往主城元宝交易管理者-[url=01503]阿托卡夫人[/url]处进行交易
2205	您所在的场景不允许记录坐标
2206	队友 %s 拒绝了传送请求
2207	您向队友发送了传送请求，请等待回应
2208	队员 %s 等级过低，将无法收到召集邀请
2209	您前往的目标场景不允许飞入
2210	您所在的当前场景不允许飞出
2211	您所在的场景不允许使用该道具
2212	祝贺你能荣登英雄台，特奖励【魅力之证】一张。\n矮人兄弟会敬上
2213	队伍中只有一人时无法使用
2214	本周第一名：%s  第二名：%s   第三名：%s 
2215	本月第一名：%s  第二名：%s   第三名：%s 
2216	装备部位不一致，不能进行装备合成
2217	目标装备最大强化等级过低
2218	原始装备镶嵌了宝石
2219	玩家等级不满足合成装备的要求
2220	玩家职业不满足合成装备的要求
2221	玩家神位不满足合成装备的要求
2222	没有足够的金钱进行灵魂转移
2223	亚特兰蒂斯勇士宣言
2224	装备不能进行灵魂转移
2225	灵魂转移成功
2226	
2227	没有足够的雅典娜之光进行灵魂转移
2281	您申请连接的服务器在维护中或未开启，请稍后连接
2284	战队成员已满，无法添加成员
2286	第一轮淘汰赛开始，请参赛队伍速去尼斯、奥茜、伊蒂处报名，10分钟后未报名的队伍视为放弃比赛
2287	第二轮淘汰赛开始，请上一轮的优胜队伍速去尼斯、奥茜、伊蒂处报名，10分钟后未报名的队伍视为放弃比赛
2288	第三轮淘汰赛开始，请上一轮的优胜队伍速去尼斯、奥茜、伊蒂处报名，10分钟后未报名的队伍视为放弃比赛
2289	淘汰赛半决赛开始，请上一轮的优胜队伍速去尼斯、奥茜、伊蒂处报名，10分钟后未报名的队伍视为放弃比赛
2290	淘汰赛决赛及季军争夺赛开始，请参赛队伍速去尼斯、奥茜、伊蒂处报名，10分钟后未报名的队伍视为放弃比赛
2291	比赛期间无法请离队员
2292	该玩家等级不足75级
2293	该玩家已加入一个战队
2294	队长不能直接退出战队
2295	物品已经加锁，不能进行物品改造
2550	你成功进入无敌状态
2551	你取消无敌状态
2552	玩家未找到
2553	成功将玩家踢下线
2554	"操作失败,输入参数太少!"
2555	"操作失败,请输入角色名"
2556	操作失败!
2557	你已经成功隐身
2558	玩家不存在
2559	参数不对
2560	怪物类型不存在
2561	怪物召唤成功
2562	怪物召唤失败
2563	删除怪物成功
2564	无效目标
2565	创建npc失败
2566	删除NPC成功
2567	无法找到NPC
2568	你已经成功取消隐身
2569	已成功发送友好关服指令
2570	已成功发送强制关服指令
2571	addforbid
2572	已广播召唤怪物至所有线
2573	已广播删除怪物至所有线
2574	已广播创建NPC至所有线
2575	已广播删除NPC至所有线
2576	成功开启任务
2577	成功关闭任务
3001	此账号在其他地方登陆，您被踢下线
3002	客户端断开连接
3003	防沉迷时间已到
3004	GateServer断开连接
3005	数据库保存结束踢人
3006	进入游戏超时
3007	客户端被Auagent踢下线
3008	检测到您的客户端异常，被强制下线，请重新登录游戏，如果依然存在问题，请与客服联系。
3009	网络连接异常，请重新登录游戏，如果依然存在问题，请与客服联系。
3010	网络连接异常，请重新登录游戏，如果依然存在问题，请与客服联系。
3011	战队排列战场不进入，10分钟内无法再次排列
3012	%s战队淘汰了%s战队，晋级下一轮
3013	恭喜%s战队、%s战队、%s战队分别获得本赛季战神杯的冠军、亚军、季军
3014	恭喜%s战队在季军争夺战中战胜了%s战队获得季军
3015	该轮比赛还未开始，无法报名战场
3016	很遗憾，只有上一轮胜利的队伍才能报名该轮淘汰赛
3017	您的战队未获得进入淘汰赛资格，无法进入淘汰赛
3018	对手放弃比赛，恭喜您的战队直接获胜
3019	很遗憾，您的战队已经被淘汰，无法再进入赛场
3020	本轮比赛排队还有5分钟即将结束，5分钟后未报名的队伍视为放弃比赛，请还未报名的队伍速去报名
3021	下一轮淘汰赛还未开始，请耐心等待
3022	本赛季已经结束，谢谢您的参与
3023	恭喜%s战队、%s战队、%s战队分别获得本赛季勇士杯的冠军、亚军、季军
3024	恭喜%s战队、%s战队、%s战队分别获得本赛季挑战杯的冠军、亚军、季军
3025	没有找到相应的物品
3026	没有找到相应的升级符
3027	这个镶嵌孔不能升级
3028	没有足够的宝石
3029	宝石和升级符等级不对应
3030	由于队伍变化，战场报名已被取消，请重新报名
3031	出战召唤兽不能强化
3032	对方有未领取召唤兽
3033	公会人气度回馈奖励
3034	感谢您对公会的付出与努力！这份礼包赠予像您一样对公会全心全意的领导者！公会还有很大的发展空间，请继续努力！
3035	感谢您对公会的付出与努力！公会的进步有目共睹，请再接再厉，这份奖励是作为领导者的你应该获得的！
3036	感谢您对公会的付出与努力！距离实现你们对公会未来的展望只差一步之遥，加油！
3037	感谢您对公会的付出与努力！能够得到这份荣耀的公会成员寥寥无几，请好好珍惜！正因为有了你，公会才会有现在的成就！
3038	该场战斗已结束，无法进入战场
3039	%s刚刚杀死了%s
3040	他正在大杀特杀                   
3041	他正在疯狂杀戮
3042	他已经如神一般的杀戮了
3043	他已经超越神一般的杀戮了
3044	%s终结了%s的大杀特杀
3045	%s终结了%s的疯狂杀戮
3046	%s终结了%s的神般杀戮
3047	%s终结了%s的超神杀戮
3048	距离上一次砸蛋时间不足3秒
3049	"当天砸蛋次数已经满%d次,请明天继续！"
3050	开启的彩蛋数已经超过%d次
3051	砸蛋需要的金钱不足%d
3052	没有砸蛋需要的道具
3053	神鬼传奇彩蛋大礼
3054	{#ff00ff00=祝贺您获得一枚【夏令营缤纷彩蛋】。#}\n点击【夏令营缤纷彩蛋】，砸开幸运彩蛋就会得到幸运积分。幸运积分可以找NPC-幸运彩蛋兑换奖励。\n您可以找亚特兰蒂斯NPC【幸运彩蛋】了解详细信息。\n{#ffd00606=此次活动持续到9月30日。#}
3055	完美镶嵌升级成功
3056	你的队友[%s]已经在战场队列中，报名失败
3057	[url]公会成员[/url]说:%s
3058	召唤兽已经被锁，不能摘取技能
3059	特殊状况，只允许强制离婚
3060	使用[跃进之翼]失败
3061	您的好友%s 修改了角色名称
3062	您的好友%s 的角色名称修改为%s ，请重新添加好友
3063	恭喜[zoneid]%d[/zoneid]的%s战队获得了上届战神杯冠军，让我们衷心的祝贺他们
3064	装备已经加锁，不能清除星尘
3065	清除星尘成功
3066	该星尘之语不能充能
3067	目标装备等级低于原始装备上星尘的需求等级
3068	目标装备等级低于原始装备星尘之语的需求等级
3069	您今天已经获得了一次礼盒给予的幸运积分，请明日再来。
3070	每天23点45分到0点15分之间，不能使用砸蛋功能。
3071	您成功使用了白金贵族卡，可以享有更多贵族特权。
3072	您获得了今天砸碎彩蛋的奖励【夏令营缤纷卡】。
3073	您白金贵族特权时间将超过90天，不能使用该物品！
3074	"您已经砸碎了20枚彩蛋,不能再砸了！"
3075	您必须达到40级才能够化身该召唤兽！
3076	召唤兽出战中，不能化身！
3077	已经存在一只化身的召唤兽，不能再进行化身！
3078	化身成功！
3079	取消化身成功！
3040	宠物化身中，不能进行该操作
